Month,Seasonality_Index
April,0.7850529461250118
August,1.0094749553456586
December,1.0420824760145886
February,0.7679453621955759
January,0.8620204429864553
July,1.3426459841049871
June,0.9133820000394565
March,0.8669320824248912
May,0.8643820213552689
November,1.0208449017510577
October,1.4958658520076051
September,1.029370975649443
